"ID","Work Item Type","Title","Workflow Step","Workflow Step Order","Workflow Step ID","Priority","Priority Order","Priority ID","Remaining Estimate","Remaining Estimate Minutes","Initial Estimate","Initial Estimate Minutes","Project ID","Project","Last Modified Date",
"32","User Story (Feature)","Testing custom field","Open","1","7","Medium","2","3","0 hrs","0","0 ","0","6","Annihilation Star","2/20/2017 10:06:53 AM",
"35","User Story (Feature)","Testing subitem1","Open","1","7","Medium","2","3","0 ","0","0 ","0","6","Annihilation Star","2/27/2017 2:26:26 PM",
"36","User Story (Feature)","Testing subitem2","Open","1","7","Medium","2","3","0 ","0","0 ","0","6","Annihilation Star","3/3/2017 10:37:02 AM",
"43","User Story (Feature)","test parent","Open","1","7","Medium","2","3","0 hrs","0","0 hrs","0","6","Annihilation Star","3/15/2017 9:49:39 AM",
"41","User Story (Feature)","Test 1","Open","1","7","Medium","2","3","2 hrs","120","0 hrs","0","6","Annihilation Star","3/15/2017 9:49:51 AM",
"42","User Story (Feature)","Test 2","Open","1","7","Medium","2","3","2 hrs","120","0 hrs","0","6","Annihilation Star","3/15/2017 9:49:45 AM",
"46","User Story (Feature)","Testing again","Open","1","7","Medium","2","3","0 hrs","0","0 hrs","0","6","Annihilation Star","3/16/2017 3:49:16 PM",
"14","User Story (Feature)","Install Super Laser","In Progress","3","9","Low","1","2","13 hrs","780","40 hrs","2400","7","Defense","3/1/2017 12:41:44 PM",
"20","Epic (Big Feature)","Defense System","Open","1","7","High","3","1","2 wks","4800","2 wks","4800","7","Defense","2/17/2017 1:36:22 PM",
"22","User Story (Feature)","Better shields","Ready For Testing","4","10","Medium","2","3","1.625 days","780","2 days","960","7","Defense","2/17/2017 1:36:31 PM",
"33","","Can't open your site","Open","1","7","Medium","2","3","0 ","0","0 ","0","7","Defense","2/1/2017 10:48:43 AM",
"39","User Story (Feature)","Demonstrate power of the Battle Station","Approved","2","8","Medium","2","3","0 hrs","0","16 hrs","960","7","Defense","3/6/2017 9:03:03 AM",
"44","User Story (Feature)","Better shields","Open","1","7","Medium","2","3","1.625 days","780","2 days","960","7","Defense","3/14/2017 11:07:50 AM",
